{
	"mapactiu" : "USO PRINCIPAL",
	"menugenerals": "MAPAS GENERALES",
	"menusingulars": "MAPAS SINGULARES",
	"generals": {
		"us": "Uso principal",
		"any": "Año de construcción",
		"habitatges": "Número de viviendas",
		"plantes": "Número de plantas"
	},
	"singulars": {
		"comercios": "Cantidad de comercios próximos por inmueble residencial en S.Cugat del Vallés",
		"menorcaqual":"Calificación energética por inmueble en Menorca",
		"tamany": "Superfície media de vivienda por inmueble en el AMB",
		"deucent": "Edificios centenarios y de nueva construcción en Barcelona",
		"turistics": "CANTIDAD DE PISOS TURÍSTICOS PRÓXIMOS AL INMUEBLE EN BARCELONA"
	},
	"sensedades" : "Sin datos",
	"sensedadesnores" : "Sin datos / No residencial",
	"errors":"La información puede contener errores",
	"font": "Fuente: ",
	"fonts" : "Fuentes: ",
	"simulades": "Datos simulados de 2019",
	"us": {
		"titulo": "USO PRINCIPAL",
		"residencial":"Residencial",
		"cultural":"Enseñanza / Cultural",
		"comercial": "Comercial",
		"oficines": "Oficinas",
		"hoteler":"Hotelero / Restauración",
		"emmagatzematge" : "Almacenamiento",
		"industrial":"Industrial",
		"resta": "Industrial Resto",
		"aparcament":"Aparcamiento",
		"piscines" : "Piscinas",
		"esportiu" : "Deportivo"
	},
	"etapa": {
		"titulo":"AÑO DE CONSTRUCCIÓN",
		"1":"Hasta 1900",
		"6": "De 2008 en adelante" 
	},
	"habit": {
		"titulo":"NÚMERO DE VIVIENDAS",
		"1":"Inmueble unifamiliar",
		"2":"Plurifamiliar con un solo propietario",
		"3": "De 2 a 4 viviendas",
		"4": "De 5 a 9 viviendas",
		"5": "De 10 a 19 viviendas",
		"6": "De 20 a 39 viviendas",
		"7": "40 o más viviendas"
	},
	"plantes": {
		"titulo":"NÚMERO DE PLANTAS",
		"1":"Inmueble de P-1 para abajo",
		"2" :"Inmueble de PB a PB+2",
		"3":"Inmueble de PB+3 a PB+8",
		"4":"Inmueble de PB+9 PB+18",
		"5":"Inmueble de PB+19 para arriba"
	},
	"centen": {
		"titulo":"EDIFICIOS CENTENARIOS Y DE NUEVA CONSTRUCCIÓN EN BARCELONA",
		"1":"Construidos hace menos de 10 años",
		"2":"Construidos hace más de 100 años"
	},
	"tamany": {
		"titulo":"SUPERFÍCIE MEDIA DE VIVIENDA POR INMUEBLE EN EL AMB",
		"1":"Más de 250 m<sup>2</sup>",
		"2":"Entre 200 y 250 m<sup>2</sup>",
		"3":"Entre 150 y 200 m<sup>2</sup>",
		"4":"Entre 100 y 150 m<sup>2</sup>",
		"5":"Entre 80 y 100 m<sup>2</sup>",
		"6":"Entre 70 y 80 m<sup>2</sup>",
		"7":"Entre 60 y 70 m<sup>2</sup>",
		"8":"Entre 50 y 60 m<sup>2</sup>",
		"9":"Entre 40 y 50 m<sup>2</sup>"
	},
	"menorcaqual": {
		"titulo":"CALIFICACIÓN ENERGÉTICA POR INMUEBLE EN MENORCA"
	},
	"comercios": {
		"titulo": "CANTIDAD DE <span>COMERCIOS PRÓXIMOS POR INMUEBLE RESIDENCIAL</span> EN S.CUGAT DEL VALLÉS",
		"subtit":"Comercios de uso cotidiano en un radio de 200m alrededor del inmueble",
		"1": "Ninguno",
		"2": "Entre 1 y 3 comercios",
		"3": "Entre 4 y 15 comercios",
		"4": "Entre 16 y 50 comercios",
		"5": "Más de 50 comercios",
		"6": "Parcela con comercio",
		"7": "Parcela no residencial"
	},
	"turistics": {
		"titulo": "CANTIDAD DE <span>PISOS TURÍSTICOS PRÓXIMOS AL INMUEBLE EN BARCELONA</span>",
		"subtit":"Viviendas de uso turístico en un radio de 50m alrededor del inmueble",
		"1": "Ninguno",
		"2": "Entre 1 y 5 pisos",
		"3": "Entre 6 y 20 pisos",
		"4": "Entre 21 y 50 pisos",
		"5": "Más de 50 pisos",
		"6": "Parcela con pisos turísticos",
		"7": "Parcela no residencial"
	},
	"cookies": {
		"1":"Usamos cookies para mejorar la experiencia de usuario",
		"2":"Aceptar",
		"3":"Más información"
	},
	"credits": {
		"1": "urbanZEB es un proyecto",
		"2": "desarrollado por",
		"3": "con la colaboración de",
		"4": "con el apoyo de"
	},
	"info": {
		"1":"urbanZEB Open es un servicio gratuito enmarcado dentro del proyecto urbanZEB y focalizado en la divulgación de indicadores urbanos. La intención es proporcionar información par la elaboración de estrategias urbanas de transformación de la ciudad hacia el equilibrio ambiental y la equidad social, y, particularmente, en el campo de la transición energética. La información disponible en esta página web se ha generado mediante técnicas de GIS y Big Data a partir de datos de fuentes interesantes o útiles para evaluar diferentes aspectos urbanísticos.",
		"2":"Toda la información generada por Cíclica [space·comunity·ecology] contenida en esta página web (open.urbanzeb.com) está publicada bajo la licencia CC BY-NC-SA 4.0. La totalidad de las fuentes utilizadas para la generación de estos indicadores perteneces al Catastro de España, Ministerio de Hacienda. La información de los fondos de mapas se ha generado a partir de la Basde de Datos de OpenStreetMaps y, por tanto, en cumplimiento con la licencia ODbL, están a disposición de descarga libre."
	},
	"contacte": {
		"1": "Envíanos tu consulta o sugerencia",
		"2": "Acepto la",
		"3": " política de privacidad",
		"4": "Información básica sobre protección de datos",
		"5": "Finalidad: contestar a las consultas del usuario",
		"6": "Destinatarios: CICLICA ARQUITECTURA SCCL",
		"7": "Derechos: el usuario tiene derecho a acceder, rectificar, limitar y suprimir sus datos"
	},
	"compartir": "Url para compartir:",
	"politica": {
		"1":"POLÍTICA DE PRIVACIDAD Y PROTECCIÓN DE DATOS",
		"2":"Mediante la presente Política de Protección de Datos, CÍCLICA ARQUITECTURA SCCL informa a los usuarios de su web de la forma en que se van a gestionar los datos de sus usuarios, con el fin de que decidan, libre y voluntariamente, si desean facilitar la información solicitada.",
		"3":"En esta página web se respetan y protegen los datos personales de los usuarios que como tal debe saber que sus derechos están garantizados.",
		"4":"Desde CÍCLICA ARQUITECTURA SCCL le garantizamos el cumplimiento de los siguientes principios con el objetivo de garantizar su privacidad:",
		"5":"Únicamente pedimos la información personal que realmente sea necesaria para prestar los servicios que el cliente nos pida.",
		"6":"Nunca compartimos información personal de nuestros usuarios con nadie, excepto para cumplir con la ley o en caso de que contamos con la autorización expresa del usuario.",
		"7":"Nunca utilizaremos sus datos personales con una finalidad diferente a la expresada en esta política de privacidad.",
		"8":"Hay que advertir que esta política de privacidad puede modificar para adaptarse a nuevas exigencias normativas, por lo que se aconseja a los usuarios que la visiten periódicamente.",
		"9":"Cíclica ARQUITECTURA SCCL ha adecuado esta web a las exigencias del Reglamento (UE) 2016/679 del Parlamento Europeo y del Consejo de 27 de abril de 2016 relativo a la protección de las personas físicas (RGPD), así como de la Ley 34 / 2002, de 11 de julio, de Servicios de la Sociedad de la Información y Comercio Electrónico (LSSICE o LSSI).",
		"10":"Responsable del tratamiento de tus datos personales:",
		"11":"Principios que aplicaremos a tu información:",
		"12":"En el tratamiento de sus datos personales, aplicaremos los siguientes principios que se ajustan a las exigencias del nuevo RGPD:",
		"13":"Licitud, lealtad y transparencia: Siempre vamos a requerir su consentimiento para el tratamiento de sus datos personales para uno o varios fines específicos de los cuales os informaremos previamente con absoluta transparencia.",
		"14":"Minimización de datos: Sólo vamos a solicitar datos estrictamente necesarios en relación con los fines para los que los requerimos.",
		"15":"Limitación del plazo de conservación: los datos serán mantenidos durante no más tiempo del necesario para los fines del tratamiento.",
		"16":"Integridad y confidencialidad: Sus datos serán tratados de tal manera que se garantice una seguridad adecuada de los datos personales y se garantice confidencialidad. CÍCLICA ARQUITECTURA SCCL tomará las precauciones necesarias para evitar el acceso no autorizado o uso indebido de los datos de nuestros usuarios por parte de terceros.",
		"17":"Procedencia de los datos: Los datos personales que tratamos en CÍCLICA ARQUITECTURA SCCL proceden del propio interesado, a través del formulario de contacto o del correo electrónico.",
		"18":"Las categorías de datos que se tratan son: Datos identificativos, Direcciones postales y electrónicas.",
		"19":"También se recogen otros datos no identificativos que se obtienen mediante algunas galletas que se descargan en el ordenador del usuario cuando navega en esta web que se detallan en la política de cookies.",
		"20":"Finalidad del tratamiento:",
		"21":"En CÍCLICA ARQUITECTURA SCCL tratamos la información que nos facilitan los interesados con la única finalidad de atender a las consultas que nos pueden realizar a través del correo electrónico o el formulario de contacto.",
		"22":"Legitimación para el tratamiento de tus datos",
		"23":"CÍCLICA ARQUITECTURA SCCL está legitimado al tratamiento de sus datos personales, sobre la base del consentimiento del interesado.",
		"24":"Cesión o comunicación de datos:",
		"25":"CÍCLICA ARQUITECTURA SCCL no cederá ni comunicará los datos del usuario a ninguna entidad u organización.",
		"26":"Derechos de los interesados:",
		"27":"Los interesados tienen derecho a:",
		"28":"Solicitar el acceso a los datos personales recogidos<br>Solicitar la rectificación o supresión de sus datos<br>Solicitar la limitación de su tratamiento<br>Oponerse al tratamiento<br>Solicitar la portabilidad de los datos",
		"29":"El ejercicio de estos derechos es personal y debe por tanto ser ejercido directamente por el interesado, directamente al responsable / titular de los ficheros.",
		"30":"Plazo de conservación de los datos",
		"31":"CÍCLICA ARQUITECTURA SCCL podrá conservar los datos del usuario hasta que el interesado solicite la supresión de sus datos.",
		"32":"Política de cookies",
		"33":"¿Qué son las cookies?",
		"34":"Cookie es un archivo que se descarga en su ordenador al acceder a determinadas páginas web.",
		"35":"Las Cookies permiten a una página web, entre otras cosas, almacenar y recuperar información sobre los hábitos de navegación de un usuario o de su equipo y, dependiendo de la información que contengan y de la forma en que utilice su equipo, se pueden utilizar para reconocer al usuario.",
		"36":"El navegador del usuario memoriza Cookies en el disco duro sólo durante la sesión actual ocupando un espacio de memoria mínimo y no perjudicando a la computadora.",
		"37":"Las Cookies no contienen ninguna información personal específica, y la mayoría de las mismas se borran del disco duro al finalizar la sesión de navegador (las llamadas cookies de sesión). La mayoría de los navegadores aceptan como estándar a las cookies y, con independencia de las mismas, permiten o impiden en la configuración de seguridad las cookies temporales o memorizadas.",
		"38":"¿Qué tipo de cookies utiliza esta página web?",
		"39":"Cookies de análisis",
		"40":"En particular, este sitio web utiliza Google Analytics, un servicio analítico de web prestado por Google, Inc. con domicilio en Estados Unidos con sede central en 1600 Amphitheatre Parkway, Mountain View, California 94043. Para la prestación de estos servicios, estos utilizan Cookies que recopilan la información, incluida la dirección IP del usuario, que será transmitida, tratada y almacenada por Google en los términos fijados en la web Google.com. Incluyendo la posible transmisión de esta información a terceros por razones de exigencia legal o cuando dichos terceros procesen la información por cuenta de Google.",
		"41":"El Usuario acepta expresamente, por la utilización de esta web, el tratamiento de la información recogida en la forma y con las finalidades anteriormente mencionados. Y así mismo reconoce conocer la posibilidad de rechazar el tratamiento de estos datos o información rechazando el uso de cookies mediante la selección de la configuración apropiada a tal fin en su navegador.",
		"42":"Puede usted permitir, bloquear o eliminar las cookies instaladas en su equipo mediante la configuración de las opciones del navegador en su ordenador."
	}
}