{
	"mapactiu" : "ÚS PRINCIPAL",
	"menugenerals": "MAPES GENERALS",
	"menusingulars": "MAPES SINGULARS",
	"generals": {
		"us": "Ús principal",
		"any": "Any de construcció",
		"habitatges": "Nombre d'habitatges",
		"plantes": "Nombre de plantes"
	},
	"singulars": {
		"comercios": "Quantitat de comerços pròxims per immoble residencial a S.Cugat del Vallés",
		"menorcaqual":"Qualificació energètica per immoble a Menorca",
		"tamany": "Superfície mitjana d'habitatge per immoble a l'AMB",
		"deucent": "Edificis centenaris i de nova construcció a Barcelona",
		"turistics": "QUANTITAT DE PISOS TURÍSTICS PROPERS A L'IMMOBLE A BARCELONA"
	},
	"sensedades" : "Sense dades",
	"sensedadesnores" : "Sense dades / No residencial",
	"errors":"La informació pot contenir errors",
	"font": "Font: ",
	"fonts" : "Fonts: ",
	"simulades": "Dades simulades de 2019",
	"us": {
		"titulo": "ÚS PRINCIPAL",
		"residencial":"Residencial",
		"cultural":"Ensenyament / Cultural",
		"comercial": "Comercial",
		"oficines": "Oficines",
		"hoteler":"Hoteler / Restauració",
		"emmagatzematge" : "Emmagatzematge",
		"industrial":"Industrial",
		"resta": "Industrial Resta",
		"aparcament":"Aparcament",
		"piscines" : "Piscines",
		"esportiu" : "Esportiu"
	},
	"etapa": {
		"titulo":"ANY DE CONSTRUCCIÓ",
		"1":"Fins a 1900",
		"6": "De 2008 en adelante" 
	},
	"habit": {
		"titulo":"NOMBRE D'HABITATGES",
		"1":"Immoble unifamiliar",
		"2":"Plurifamiliar amb un sol propietari",
		"3": "De 2 a 4 habitatges",
		"4": "De 5 a 9 habitatges",
		"5": "De 10 a 19 habitatges",
		"6": "De 20 a 39 habitatges",
		"7": "40 o més habitatges"
	},
	"plantes": {
		"titulo":"NOMBRE DE PLANTES",
		"1":"Immoble de P-1 en avall",
		"2" :"Immoble de PB a PB+2",
		"3":"Immoble de PB+3 a PB+8",
		"4":"Immoble de PB+9 PB+18",
		"5":"Immoble de PB+19 en amunt"
	},
	"centen": {
		"titulo":"EDIFICIS CENTENARIS I DE NOVA CONSTRUCCIÓ A BARCELONA",
		"1":"Edificis construïts fa menys de 10 anys",
		"2":"Edificis construïts fa més de 100 anys"
	},
	"tamany": {
		"titulo":"SUPERFÍCIE MITJANA D'HABITATGE PER IMMOBLE A L'AMB",
		"1":"Més de 250 m<sup>2</sup>",
		"2":"Entre 200 i 250 m<sup>2</sup>",
		"3":"Entre 150 i 200 m<sup>2</sup>",
		"4":"Entre 100 i 150 m<sup>2</sup>",
		"5":"Entre 80 i 100 m<sup>2</sup>",
		"6":"Entre 70 i 80 m<sup>2</sup>",
		"7":"Entre 60 i 70 m<sup>2</sup>",
		"8":"Entre 50 i 60 m<sup>2</sup>",
		"9":"Entre 40 i 50 m<sup>2</sup>"
	},
	"menorcaqual": {
		"titulo":"QUALIFICACIÓ ENERGÈTICA PER IMMOBLE A MENORCA"
	},
	"comercios": {
		"titulo": "QUANTITAT DE <span>COMERÇOS PRÒXIMS PER IMMOBLE RESIDENCIAL A S.CUGAT</span> DEL VALLÉS",
		"subtit":"Comerços d'ús quotidià en un radi de 200m al voltant de l'immoble",
		"1": "Cap",
		"2": "Entre 1 i 3 comerços",
		"3": "Entre 4 i 15 comerços",
		"4": "Entre 16 i 50 comerços",
		"5": "Más de 50 comerços",
		"6": "Parcel·la amb comerç",
		"7": "Parcel·la no residencial"
	},
	"turistics": {
		"titulo": "QUANTITAT DE <span>PISOS TURÍSTICS PROPERS A L'IMMOBLE A BARCELONA</span>",
		"subtit":"Habitatges d'ús turístic en un radi de 50m al voltant de l'immoble",
		"1": "Cap",
		"2": "Entre 1 i 5 pisos",
		"3": "Entre 6 i 20 pisos",
		"4": "Entre 21 i 50 pisos",
		"5": "Més de 50 pisos",
		"6": "Parcel·la amb pisos turístics",
		"7": "Parcel·la no residencial"
	},
	"cookies": {
		"1":"Fem servir cookies per a millorar l'experiència de l'usuari",
		"2":"Acceptar",
		"3":"Més informació"
	},
	"credits": {
		"1": "urbanZEB és un projecte",
		"2": "desenvolupat per",
		"3": "amb la col•laboració de",
		"4": "amb el suport de"
	},
	"info": {
		"1":"urbanZEB Open és un servei gratuït emmarcat dins del projecte urbanZEB i focalitzat en la divulgació d'indicadors urbans. La intenció es proporcionar informació per a l'elaboració d'estratègies urbanes de transformació de la ciutat cap a l'equilibri ambiental i l'equitat social, i, particularment, en el camp de la transició energètica. La informació disponible en aquesta pàgina web s'ha generat mitjançant tècniques de GIS i Big Data a partir de dades de fonts públiques i privades. Entenem aquest espai com un lloc en creixement constant on mostrar indicadors que ens semblen interessants o útils per evaluar diferents aspectes urbanistics.",
		"2":"Tota la informació generada per Cíclica [space·comunity·ecology] continguda en aquesta pàgina web (open.urbanZEB.com) està publicada sota la llicència CC BY-NC-SA 4.0. La totalitat de les fonts utilitzades per a la generació d'aquests indicadors pertanyen al Catastro de España, Ministerio de Hacienda. La informació dels fons dels mapes s'ha generat a partir de la Base de Dades de OpenStreetMaps i per tant, en compliment amb la llicència ODbL, està a disposició de descàrrega lliure."
	},
	"contacte": {
		"1": "Envia'ns la teva consulta o suggeriment",
		"2": "Accepto la",
		"3": " política de privacitat",
		"4": "Informació bàsica sobre protecció de dades",
		"5": "Finalitat: contestar a les consultes de l'usuari",
		"6": "Destinataris: CICLICA ARQUITECTURA SCCL",
		"7": "Drets: l'usuari té dret a accedir, rectificar, limitar i suprimir les seves dades."
	},
	"compartir": "Url per a compartir:",
	"politica": {
		"1":"POLÍTICA DE PRIVACITAT I PROTECCIÓ DE DADES",
		"2":"Mitjançant la present Política de Protecció de Dades, CICLICA ARQUITECTURA SCCL informa als usuaris del seu web de la forma en què es van a gestionar les dades dels seus usuaris, amb la finalitat que decideixin, lliure i voluntàriament, si desitgen facilitar la informació sol·licitada.",
		"3":"En aquesta pàgina web es respecten i protegeixen les dades personals dels usuaris que com a tal ha de saber que els seus drets estan garantits.",
		"4":"Des CICLICA ARQUITECTURA SCCL li garantim el compliment dels següents principis amb l'objectiu de garantir la seva privacitat:",
		"5":"Únicament demanem la informació personal que realment sigui necessària per prestar els serveis que el client ens demani.",
		"6":"Mai compartim informació personal dels nostres usuaris amb ningú, excepte per complir amb la llei o en cas que comptem amb l'autorització expressa de l'usuari.",
		"7":"Mai utilitzarem les seves dades personals amb una finalitat diferent a l'expressada en aquesta política de privacitat.",
		"8":"Cal advertir que aquesta política de privacitat pot modificar per tal d'adaptar-se a noves exigències normatives, per la qual cosa s'aconsella als usuaris que la visitin periòdicament.",
		"9":"CICLICA ARQUITECTURA SCCL ha adequat aquesta web a les exigències del Reglament (UE) 2016/679 del Parlament Europeu i del Consell de 27 d'abril de 2016 relatiu a la protecció de les persones físiques (RGPD), així com de la Llei 34/2002, d'11 de juliol, de Serveis de la Societat de la Informació i Comerç Electrònic (LSSICE o LSSI).",
		"10":"Responsable del tractament de les teves dades personals:",
		"11":"rincipis que aplicarem a la teva informació:",
		"12":"En el tractament de les seves dades personals, aplicarem els següents principis que s'ajusten a les exigències del nou RGPD:",
		"13":"Licitud, lleialtat i transparència: Sempre anem a requerir el seu consentiment per al tractament de les seves dades personals per a un o diversos fins específics dels quals us informarem prèviament amb absoluta transparència.",
		"14":"Minimització de dades: Només anem a sol·licitar dades estrictament necessàries en relació amb els fins per als quals els requerim.",
		"15":"Limitació del termini de conservació: les dades seran mantinguts durant no més temps del necessari per als fins del tractament.",
		"16":"Integritat i confidencialitat: Les seves dades seran tractades de tal manera que es garanteixi una seguretat adequada de les dades personals i es garanteixi confidencialitat. CICLICA ARQUITECTURA SCCL prendrà les precaucions necessàries per evitar l'accés no autoritzat o ús indegut de les dades dels nostres usuaris per part de tercers.",
		"17":"Procedència de les dades: Les dades personals que tractem en CICLICA ARQUITECTURA SCCL procedeixen del propi interessat, a través del formulari de contacte o del correu electrònic.",
		"18":"Les categories de dades que es tracten són: Dades identificatives, Adreces postals i electròniques.",
		"19":"També es recullen altres dades no identificatives que s'obtenen mitjançant algunes galetes que es descarreguen a l'ordinador de l'usuari quan navega en aquesta web que es detallen en la política de cookies.",
		"20":"Finalitat del tractament:",
		"21":"En CICLICA ARQUITECTURA SCCL tractem la informació que ens faciliten les persones interessades amb l'única finalitat de atendre a les consultes que ens poden realitzar a través del correu electrònic o el formulari de contacte.",
		"22":"Legitimació per al tractament de les teves dades",
		"23":"CICLICA ARQUITECTURA SCCL està legitimat al tractament de les seves dades personals, sobre la base del consentiment de l'interessat.",
		"24":"Cessió o comunicació de dades:",
		"25":"CICLICA ARQUITECTURA SCCL no cedirà o comunicarà les dades de l'usuari a cap entitat o organització.",
		"26":"Drets dels interessats:",
		"27":"Les persones interessades tenen dret a:",
		"28":"Sol·licitar l'accés a les dades personals recollides<br>Sol·licitar la rectificació o supressió de les seves dades<br>Sol·licitar la limitació del seu tractament<br>Oposar-se al tractament<br>Sol·licitar la portabilitat de les dades",
		"29":"L'exercici d'aquests drets és personal i ha de per tant ser exercit directament per l'interessat, ho directament al responsable / titular dels fitxers.",
		"30":"Termini de conservació de les dades",
		"31":"CICLICA ARQUITECTURA SCCL podrà conservar les dades de l'usuari fins que l'interessat sol·liciti la supressió de les seves dades.",
		"32":"Política de cookies",
		"33":"Què son les cookies?",
		"34":"Cookie és un fitxer que es descarrega al seu ordinador en accedir a determinades pàgines web.",
		"35":"Les Cookies permeten a una pàgina web, entre altres coses, emmagatzemar i recuperar informació sobre els hàbits de navegació d'un usuari o del seu equip i, depenent de la informació que continguin i de la forma en què utilitzi el seu equip, es poden utilitzar per reconèixer a l'usuari.",
		"36":"El navegador de l'usuari memoritza Cookies al disc dur només durant la sessió actual ocupant un espai de memòria mínim i no perjudicant a l'ordinador.",
		"37":"Les Cookies no contenen cap mena d'informació personal específica, i la majoria de les mateixes s'esborren del disc dur en finalitzar la sessió de navegador (les anomenades cookies de sessió). La majoria dels navegadors accepten com a estàndard a les Cookies i, amb independència de les mateixes, permeten o impedeixen en la configuració de seguretat les cookies temporals o memoritzades.",
		"38":"Quin tipus de cookies utilitza aquesta pàgina web?",
		"39":"Cookies d'anàlisi",
		"40":"En particular, aquest lloc web utilitza Google Analytics, un servei analític de web prestat per Google, Inc. amb domicili als Estats Units amb seu central a 1600 Amphitheatre Parkway, Mountain View, Califòrnia 94043. Per a la prestació d'aquests serveis, aquests utilitzen Cookies que recopilen la informació, inclosa l'adreça IP de l'usuari, que serà transmesa, tractada i emmagatzemada per Google en els termes fixats en la web Google.com. Incloent la possible transmissió d'aquesta informació a tercers per raons d'exigència legal o quan aquests tercers processin la informació per compte de Google.",
		"41":"L'Usuari accepta expressament, per la utilització d'aquest web, el tractament de la informació recollida en la forma i amb les finalitats anteriorment esmentats. I així mateix reconeix conèixer la possibilitat de rebutjar el tractament d'aquestes dades o informació rebutjant l'ús de Cookies mitjançant la selecció de la configuració apropiada a tal fi al seu navegador.",
		"42":"Pot vostè permetre, bloquejar o eliminar les cookies instal·lades en el seu equip mitjançant la configuració de les opcions del navegador en el vostre ordinador."
		
	}
}