{
  "name":"open_VT",
  "description":"",
  "version":2,
  "minzoom":0,
  "maxzoom":10,
  "center":"2.0920716,41.4191543,0",
  "bounds":"1.8881091,41.2644511,2.2960341,41.5738575",
  "type":"overlay",
  "format":"pbf",
  "json":"{\n  \"vector_layers\":[\n    {\n      \"id\":\"AMB\",\n      \"description\":\"\",\n      \"minzoom\":0,\n      \"maxzoom\":10,\n      \"fields\":{\n        \"MUNICIPIO\":\"Number\",\n        \"REFCAT\":\"String\",\n        \"UsPRN\":\"String\",\n        \"NUMV\":\"String\",\n        \"indicadors_195810_immb_tipus\":\"String\",\n        \"indicadors_195810_anyconst_sup_v\":\"String\",\n        \"indicadors_195810_demanda_cal_cte_immb\":\"String\"\n      }\n    }\n  ],\n  \"tilestats\":{\n    \"layerCount\":1,\n    \"layers\":[\n      {\n        \"layer\":\"AMB\",\n        \"count\":222016,\n        \"geometry\":\"Polygon\",\n        \"attributeCount\":7,\n        \"attributes\":[\n          {\n            \"attribute\":\"MUNICIPIO\",\n            \"count\":36,\n            \"type\":\"numeric\",\n            \"values\":[\n              15,\n              20,\n              53,\n              55,\n              67,\n              71,\n              72,\n              76,\n              88,\n              100,\n              122,\n              124,\n              125,\n              156,\n              157,\n              168,\n              179,\n              193,\n              195,\n              199,\n              203,\n              204,\n              210,\n              216,\n              219,\n              244,\n              245,\n              252,\n              263,\n              266,\n              282,\n              289,\n              302,\n              312,\n              313,\n              900\n            ],\n            \"min\":15,\n            \"max\":900\n          },\n          {\n            \"attribute\":\"REFCAT\",\n            \"count\":1000,\n            \"type\":\"string\",\n            \"values\":[\n              \"0100502DF3800A\",\n              \"0103511DF2900C\",\n              \"0103512DF2900C\",\n              \"0138725DF3803G\",\n              \"01576A9DF3805G\",\n              \"01576T8DF3805G\",\n              \"0219408DF3801G\",\n              \"0275701DF3807E\",\n              \"0401601DF3800A\",\n              \"0591301DF3709B\",\n              \"0591323DF3709B\",\n              \"0591324DF3709B\",\n              \"0591330DF3709B\",\n              \"1029714DF3812G\",\n              \"11152A1DF2711E\",\n              \"1185901DF3718E\",\n              \"1202201DF3910C\",\n              \"1265311DF3816E\",\n              \"1265314DF3816E\",\n              \"1720201DF2912B\",\n              \"1911510DF3911B\",\n              \"2038901DF3823G\",\n              \"2057908DF3825E\",\n              \"2057909DF3825E\",\n              \"2110901DF3921A\",\n              \"2110922DF3921A\",\n              \"2121701DF2922A\",\n              \"2193619DF3829C\",\n              \"2193620DF3829C\",\n              \"2204301DF3820C\",\n              \"2204323DF3820C\",\n              \"2605314DF1920N\",\n              \"2605318DF1920N\",\n              \"2722102DF3822B\",\n              \"2722111DF3822B\",\n              \"2722112DF3822B\",\n              \"2730402DF1823S\",\n              \"2741401DF1924S\",\n              \"2841415DF1924S\",\n              \"2841416DF1924S\",\n              \"2868025DF1826N\",\n              \"3125163DF2732E\",\n              \"31251P1DF2732E\",\n              \"31251V0DF2732E\",\n              \"3756202DF2735F\",\n              \"3756203DF2735F\",\n              \"3806103DF2930D\",\n              \"3855313DF3835F\",\n              \"3891301DF2739B\",\n              \"3891305DF2739B\",\n              \"3903103DF2930D\",\n              \"3938901DF3833H\",\n              \"3957104DF3835F\",\n              \"3974708DF3837D\",\n              \"3A08157E40AP-2\",\n              \"3A08201A75AP-7\",\n              \"4475402DF1747N\",\n              \"4475403DF1747N\",\n              \"4821101DF1942S\",\n              \"4903901DF3940B\",\n              \"4903903DF3940B\",\n              \"5513502DF1951S\",\n              \"5733002DF1953S\",\n              \"5774305DF3857D\",\n              \"6161378DF2766A\",\n              \"6431812DF1863A\",\n              \"6519201DF2861H\",\n              \"6639122DF2863H\",\n              \"6639124DF2863H\",\n              \"6639127DF2863H\",\n              \"6666101DF2766F\",\n              \"6767312DF2966N\",\n              \"7291802DF2779A\",\n              \"7348302DF0874N\",\n              \"7348317DF0874N\",\n              \"7357820DF2775E\",\n              \"7529210DF2872H\",\n              \"7539414DF2973H\",\n              \"7610509DF3971B\",\n              \"7610510DF3971B\",\n              \"7692402DF3879D\",\n              \"7692416DF3879D\",\n              \"7870716DF2777B\",\n              \"8302406DF2880C\",\n              \"8302705DF2880A\",\n              \"8401918DF2880A\",\n              \"8438201DF2883G\",\n              \"8456306DF2885E\",\n              \"8465401DF2786E\",\n              \"8465419DF2786E\",\n              \"8465436DF2786E\",\n              \"8482396DF2788C\",\n              \"8603723DF3980D\",\n              \"8603724DF3980D\",\n              \"8678909DF2887H\",\n              \"9268207DF0896N\",\n              \"9347308DF2894G\",\n              \"9347332DF2894G\",\n              \"9365508DF2796E\",\n              \"9471620DF0897S\"\n            ]\n          },\n          {\n            \"attribute\":\"UsPRN\",\n            \"count\":17,\n            \"type\":\"string\",\n            \"values\":[\n              \"Comu\",\n              \"Esportiu\",\n              \"Oficines\",\n              \"Piscines\",\n              \"Public\",\n              \"VincViv\",\n              \"AltresCal\",\n              \"AltresNoCal\",\n              \"Aparcament\",\n              \"Comercial\",\n              \"Emmagatzematge\",\n              \"EnsenyamentCultural\",\n              \"HotelerRestauracio\",\n              \"Industrial\",\n              \"IndustrialResta\",\n              \"NoCodificat\",\n              \"Residencial\"\n            ]\n          },\n          {\n            \"attribute\":\"NUMV\",\n            \"count\":7,\n            \"type\":\"string\",\n            \"values\":[\n              \"P_10a19\",\n              \"P_20a39\",\n              \"P_2a4\",\n              \"P_40mes\",\n              \"P_5a9\",\n              \"P_CORR\",\n              \"U\"\n            ]\n          },\n          {\n            \"attribute\":\"indicadors_195810_immb_tipus\",\n            \"count\":4,\n            \"type\":\"string\",\n            \"values\":[\n              \"IMMB_AMB_V\",\n              \"IMMB_EXC_V\",\n              \"IMMB_PRN_50_V\",\n              \"IMMB_PRN_75_V\"\n            ]\n          },\n          {\n            \"attribute\":\"indicadors_195810_anyconst_sup_v\",\n            \"count\":114,\n            \"type\":\"string\",\n            \"values\":[\n              \"1600\",\n              \"1834\",\n              \"1890\",\n              \"1900\",\n              \"1909\",\n              \"1914\",\n              \"1915\",\n              \"1918\",\n              \"1919\",\n              \"1920\",\n              \"1921\",\n              \"1925\",\n              \"1926\",\n              \"1927\",\n              \"1929\",\n              \"1930\",\n              \"1931\",\n              \"1933\",\n              \"1934\",\n              \"1935\",\n              \"1936\",\n              \"1937\",\n              \"1938\",\n              \"1939\",\n              \"1940\",\n              \"1941\",\n              \"1942\",\n              \"1943\",\n              \"1944\",\n              \"1945\",\n              \"1946\",\n              \"1947\",\n              \"1948\",\n              \"1949\",\n              \"1950\",\n              \"1951\",\n              \"1952\",\n              \"1953\",\n              \"1954\",\n              \"1955\",\n              \"1956\",\n              \"1957\",\n              \"1958\",\n              \"1959\",\n              \"1960\",\n              \"1961\",\n              \"1962\",\n              \"1963\",\n              \"1964\",\n              \"1965\",\n              \"1966\",\n              \"1967\",\n              \"1968\",\n              \"1969\",\n              \"1970\",\n              \"1971\",\n              \"1972\",\n              \"1973\",\n              \"1974\",\n              \"1975\",\n              \"1976\",\n              \"1977\",\n              \"1978\",\n              \"1979\",\n              \"1980\",\n              \"1981\",\n              \"1982\",\n              \"1983\",\n              \"1984\",\n              \"1985\",\n              \"1986\",\n              \"1987\",\n              \"1988\",\n              \"1989\",\n              \"1990\",\n              \"1991\",\n              \"1992\",\n              \"1993\",\n              \"1994\",\n              \"1995\",\n              \"1996\",\n              \"1997\",\n              \"1998\",\n              \"1999\",\n              \"2000\",\n              \"2001\",\n              \"2002\",\n              \"2003\",\n              \"2004\",\n              \"2005\",\n              \"2006\",\n              \"2007\",\n              \"2008\",\n              \"2009\",\n              \"2010\",\n              \"2011\",\n              \"2012\",\n              \"2013\",\n              \"2014\",\n              \"2016\"\n            ]\n          },\n          {\n            \"attribute\":\"indicadors_195810_demanda_cal_cte_immb\",\n            \"count\":1000,\n            \"type\":\"string\",\n            \"values\":[\n              \"102343.635790337\",\n              \"104386.017491135\",\n              \"107313.505315917\",\n              \"10987.9748112629\",\n              \"111710.157824513\",\n              \"114456.982385606\",\n              \"116053.908204232\",\n              \"116622.487078646\",\n              \"11739.6001054734\",\n              \"119423.82435171\",\n              \"123941.700852512\",\n              \"124224.866515988\",\n              \"126098.842253739\",\n              \"13137.0623901954\",\n              \"132901.03426966\",\n              \"13329.9492456496\",\n              \"135072.896570874\",\n              \"136784.35418798\",\n              \"14463.9902381962\",\n              \"14504.7365861173\",\n              \"146927.320143546\",\n              \"147396.836897526\",\n              \"15075.2395765546\",\n              \"15240.6320726889\",\n              \"159102.221036868\",\n              \"161243.020539136\",\n              \"17449.7893149535\",\n              \"174907.86746204\",\n              \"17523.3415426492\",\n              \"18270.875639446\",\n              \"19008.5226308492\",\n              \"19034.7976022206\",\n              \"195011.285686538\",\n              \"197859.204923031\",\n              \"20139.3582076119\",\n              \"20346.9720218398\",\n              \"20499.4308948027\",\n              \"20901.5476927809\",\n              \"21412.5190138687\",\n              \"21963.2504312762\",\n              \"22467.3933206691\",\n              \"2289317.27810679\",\n              \"23032.3065159106\",\n              \"230333.505385025\",\n              \"23622.6309073634\",\n              \"240194.83554353\",\n              \"24579.6465020244\",\n              \"24611.1933134419\",\n              \"249987.317397665\",\n              \"25357.4275106688\",\n              \"262924.758722594\",\n              \"2664226.21060004\",\n              \"273723.619430546\",\n              \"274262.831693058\",\n              \"31217.6721846926\",\n              \"31231.1339016023\",\n              \"31488.4911623225\",\n              \"31696.4365775293\",\n              \"32183.0752062959\",\n              \"3551.50571844677\",\n              \"35597.596412677\",\n              \"35620.5332902311\",\n              \"365939.826075349\",\n              \"36678.7218471529\",\n              \"37485.9791921693\",\n              \"376267.304087307\",\n              \"38155.3699993256\",\n              \"39117.1010684071\",\n              \"394418.418917191\",\n              \"39822.5479940337\",\n              \"40808.1740011781\",\n              \"41056.4744140185\",\n              \"41147.9464061762\",\n              \"42308.3640162478\",\n              \"44314.5823626884\",\n              \"44409.2468581069\",\n              \"44856.9425063828\",\n              \"454622.939991808\",\n              \"45751.6719323671\",\n              \"45882.4770101867\",\n              \"47501.6867042695\",\n              \"482377.976205838\",\n              \"487253.430329519\",\n              \"518336.055974202\",\n              \"52400.4210490246\",\n              \"53949.3464899148\",\n              \"5423.62200505224\",\n              \"54819.4032850551\",\n              \"552850.733966087\",\n              \"60409.9977922694\",\n              \"60429.5449065725\",\n              \"77201.0739128654\",\n              \"80433.0544622522\",\n              \"81270.273381211\",\n              \"82713.5270619981\",\n              \"86406.9820271401\",\n              \"87554.584211879\",\n              \"90399.2832520621\",\n              \"92148.625304829\",\n              \"9257.22452993916\"\n            ]\n          }\n        ]\n      }\n    ]\n  }\n}"
}